fuzzer,domain-name,dns-a,dns-aaaa,dns-mx,dns-ns,geoip-country,whois-created,whois-updated,ssdeep-score
Original*,www.metlife.com,,,,,,,,
Addition,www.metlifea.com,,,,,,,,
Addition,www.metlifeb.com,,,,,,,,
Addition,www.metlifec.com,,,,,,,,
Addition,www.metlifed.com,,,,,,,,
Addition,www.metlifee.com,,,,,,,,
Addition,www.metlifef.com,,,,,,,,
Addition,www.metlifeg.com,,,,,,,,
Addition,www.metlifeh.com,,,,,,,,
Addition,www.metlifei.com,,,,,,,,
Addition,www.metlifej.com,,,,,,,,
Addition,www.metlifek.com,,,,,,,,
Addition,www.metlifel.com,,,,,,,,
Addition,www.metlifem.com,,,,,,,,
Addition,www.metlifen.com,,,,,,,,
Addition,www.metlifeo.com,,,,,,,,
Addition,www.metlifep.com,,,,,,,,
Addition,www.metlifeq.com,,,,,,,,
Addition,www.metlifer.com,,,,,,,,
Addition,www.metlifes.com,,,,,,,,
Addition,www.metlifet.com,,,,,,,,
Addition,www.metlifeu.com,,,,,,,,
Addition,www.metlifev.com,,,,,,,,
Addition,www.metlifew.com,,,,,,,,
Addition,www.metlifex.com,,,,,,,,
Addition,www.metlifey.com,,,,,,,,
Addition,www.metlifez.com,,,,,,,,
Bitsquatting,vww.metlife.com,,,,,,,,
Bitsquatting,uww.metlife.com,,,,,,,,
Bitsquatting,sww.metlife.com,,,,,,,,
Bitsquatting,gww.metlife.com,,,,,,,,
Bitsquatting,7ww.metlife.com,,,,,,,,
Bitsquatting,wvw.metlife.com,,,,,,,,
Bitsquatting,wuw.metlife.com,,,,,,,,
Bitsquatting,wsw.metlife.com,,,,,,,,
Bitsquatting,wgw.metlife.com,,,,,,,,
Bitsquatting,w7w.metlife.com,,,,,,,,
Bitsquatting,wwv.metlife.com,,,,,,,,
Bitsquatting,wwu.metlife.com,,,,,,,,
Bitsquatting,wws.metlife.com,,,,,,,,
Bitsquatting,wwg.metlife.com,,,,,,,,
Bitsquatting,ww7.metlife.com,,,,,,,,
Bitsquatting,wwwnmetlife.com,,,,,,,,
Bitsquatting,www.letlife.com,,,,,,,,
Bitsquatting,www.oetlife.com,,,,,,,,
Bitsquatting,www.ietlife.com,,,,,,,,
Bitsquatting,www.eetlife.com,,,,,,,,
Bitsquatting,www.mdtlife.com,74.206.232.234,,,mdtlife.com,,,,
Bitsquatting,www.mgtlife.com,,,,,,,,
Bitsquatting,www.matlife.com,72.52.179.174,,mx156.hostedmxserver.com,ns1.parklogic.com,,,,
Bitsquatting,www.mmtlife.com,,,,,,,,
Bitsquatting,www.mutlife.com,,,,,,,,
Bitsquatting,www.meulife.com,72.52.4.119,,localhost,ns1.sedoparking.com,,,,
Bitsquatting,www.mevlife.com,,,,,,,,
Bitsquatting,www.meplife.com,,,,,,,,
Bitsquatting,www.medlife.com,35.154.3.158,,aspmx.l.google.com,ns-1783.awsdns-30.co.uk,,,,
Bitsquatting,www.me4life.com,,,,,,,,
Bitsquatting,www.metmife.com,,,,,,,,
Bitsquatting,www.metnife.com,,,,,,,,
Bitsquatting,www.methife.com,,,,,,,,
Bitsquatting,www.metdife.com,,,,,,,,
Bitsquatting,www.metlhfe.com,,,,,,,,
Bitsquatting,www.metlkfe.com,,,,,,,,
Bitsquatting,www.metlmfe.com,,,,,,,,
Bitsquatting,www.metlafe.com,,,,,,,,
Bitsquatting,www.metlyfe.com,184.168.221.34,,smtp.secureserver.net,ns47.domaincontrol.com,,,,
Bitsquatting,www.metlige.com,,,,,,,,
Bitsquatting,www.metlide.com,,,,,,,,
Bitsquatting,www.metlibe.com,,,,,,,,
Bitsquatting,www.metline.com,,,,,,,,
Bitsquatting,www.metlive.com,,,,,,,,
Bitsquatting,www.metlifd.com,,,,,,,,
Bitsquatting,www.metlifg.com,,,,,,,,
Bitsquatting,www.metlifa.com,,,,,,,,
Bitsquatting,www.metlifm.com,,,,,,,,
Bitsquatting,www.metlifu.com,,,,,,,,
Homoglyph,www.netlife.com,,,,,,,,
Homoglyph,www.metiife.com,,,,,,,,
Homoglyph,www.met1ife.com,12.70.245.106,,mail.met1ife.com,ns01.domaincontrol.com,,,,
Homoglyph,wwvv.metlife.com,,,,,,,,
Homoglyph,www.metllfe.com,185.53.178.7,,,ns1.parkingcrew.net,,,,
Homoglyph,www.metl1fe.com,,,,,,,,
Homoglyph,wvvvv.metlife.com,,,,,,,,
Homoglyph,www.rnetlife.com,,,,,,,,
Homoglyph,vvvvw.metlife.com,,,,,,,,
Homoglyph,vvww.metlife.com,,,,,,,,
Homoglyph,www.nnetlife.com,,,,,,,,
Homoglyph,vvvvvv.metlife.com,,,,,,,,
Homoglyph,www.rretlife.com,,,,,,,,
Homoglyph,wvvw.metlife.com,,,,,,,,
Hyphenation,w-ww.metlife.com,,,,,,,,
Hyphenation,ww-w.metlife.com,,,,,,,,
Hyphenation,www.m-etlife.com,,,,,,,,
Hyphenation,www.me-tlife.com,,,,,,,,
Hyphenation,www.met-life.com,,,,,,,,
Hyphenation,www.metl-ife.com,,,,,,,,
Hyphenation,www.metli-fe.com,,,,,,,,
Hyphenation,www.metlif-e.com,,,,,,,,
Insertion,wwws.metlife.com,,,,,,,,
Insertion,www.metl8ife.com,,,,,,,,
Insertion,www.mpetlife.com,,,,,,,,
Insertion,www.mketlife.com,,,,,,,,
Insertion,www.mertlife.com,50.63.202.83,,smtp.secureserver.net,ns19.domaincontrol.com,,,,
Insertion,www.metluife.com,,,,,,,,
Insertion,www.metmlife.com,,,,,,,,
Insertion,www.metlpife.com,,,,,,,,
Insertion,www.mwetlife.com,,,,,,,,
Insertion,www.mnetlife.com,52.58.78.16,2a05:d014:9da:8c10:306e:3e07:a16f:a552,mx.www.mnetlife.com,ns1.undeveloped.com,,,,
Insertion,wwxw.metlife.com,,,,,,,,
Insertion,www.me4tlife.com,,,,,,,,
Insertion,www.metlifce.com,,,,,,,,
Insertion,www.metlifte.com,103.224.182.239,,park-mx.above.com,ns2.above.com,,,,
Insertion,www.metlicfe.com,,,,,,,,
Insertion,www.medtlife.com,,,,,,,,
Insertion,www.metflife.com,103.224.182.214,,park-mx.above.com,ns1.above.com,,,,
Insertion,www.meytlife.com,,,,,,,,
Insertion,www.metlidfe.com,,,,,,,,
Insertion,www.metlirfe.com,,,,,,,,
Insertion,www.jmetlife.com,,,,,,,,
Insertion,www.metlkife.com,185.53.179.7,,,ns1.parkingcrew.net,,,,
Insertion,www.metlifde.com,185.53.178.6,,,ns1.parkingcrew.net,,,,
Insertion,wwwe.metlife.com,,,,,,,,
Insertion,www.kmetlife.com,,,,,,,,
Insertion,www.metli8fe.com,,,,,,,,
Insertion,wwaw.metlife.com,,,,,,,,
Insertion,www.m3etlife.com,,,,,,,,
Insertion,www.metylife.com,,,,,,,,
Insertion,www.metklife.com,,,,,,,,
Insertion,www.metljife.com,,,,,,,,
Insertion,www.metlifre.com,185.53.178.8,,,ns1.parkingcrew.net,,,,
Insertion,w3ww.metlife.com,,,,,,,,
Insertion,www.meftlife.com,,,,,,,,
Insertion,www.m4etlife.com,,,,,,,,
Insertion,www.pmetlife.com,,,,,,,,
Insertion,www.msetlife.com,,,,,,,,
Insertion,wwwx.metlife.com,,,,,,,,
Insertion,www.metrlife.com,,,,,,,,
Insertion,www.metlivfe.com,,,,,,,,
Insertion,www.me3tlife.com,,,,,,,,
Insertion,www.metl9ife.com,,,,,,,,
Insertion,wxww.metlife.com,,,,,,,,
Insertion,weww.metlife.com,,,,,,,,
Insertion,www.megtlife.com,,,,,,,,
Insertion,www.metglife.com,,,,,,,,
Insertion,www.metlifge.com,185.53.178.7,,mail.h-email.net,ns1.parkingcrew.net,,,,
Insertion,www2.metlife.com,,,,,,,,
Insertion,ww2w.metlife.com,,,,,,,,
Insertion,www.mestlife.com,23.20.239.12,,,nsg1.namebrightdns.com,,,,
Insertion,www.mewtlife.com,,,,,,,,
Insertion,www.metlmife.com,,,,,,,,
Insertion,www.mjetlife.com,,,,,,,,
Insertion,www.mdetlife.com,,,,,,,,
Insertion,www.metliufe.com,185.53.178.8,,,ns1.parkingcrew.net,,,,
Insertion,www3.metlife.com,,,,,,,,
Insertion,www.lmetlife.com,,,,,,,,
Insertion,www.metlitfe.com,,,,,,,,
Insertion,wwsw.metlife.com,,,,,,,,
Insertion,waww.metlife.com,,,,,,,,
Insertion,w2ww.metlife.com,,,,,,,,
Insertion,www.nmetlife.com,,,,,,,,
Insertion,www.metliofe.com,,,,,,,,
Insertion,wqww.metlife.com,,,,,,,,
Insertion,www.mzetlife.com,,,,,,,,
Insertion,www.metzlife.com,,,,,,,,
Insertion,wsww.metlife.com,,,,,,,,
Insertion,wwqw.metlife.com,,,,,,,,
Insertion,www.mretlife.com,,,,,,,,
Insertion,www.metloife.com,185.53.178.9,,,ns1.parkingcrew.net,,,,
Insertion,ww3w.metlife.com,,,,,,,,
Insertion,www.metolife.com,,,,,,,,
Insertion,www.met5life.com,,,,,,,,
Insertion,www.metli9fe.com,,,,,,,,
Insertion,www.metlikfe.com,,,,,,,,
Insertion,www.metplife.com,,,,,,,,
Insertion,www.mletlife.com,,,,,,,,
Insertion,www.me5tlife.com,,,,,,,,
Insertion,wwew.metlife.com,,,,,,,,
Insertion,www.meztlife.com,,,,,,,,
Insertion,www.met6life.com,,,,,,,,
Insertion,www.metlijfe.com,,,,,,,,
Insertion,wwwa.metlife.com,,,,,,,,
Insertion,www.metligfe.com,,,,,,,,
Insertion,www.metlifve.com,,,,,,,,
Insertion,wwwq.metlife.com,,,,,,,,
Insertion,www.me6tlife.com,,,,,,,,
Omission,www.metlif.com,,,,,,,,
Omission,www.mtlife.com,,,,,,,,
Omission,w.metlife.com,,,,,,,,
Omission,www.etlife.com,,,,,,,,
Omission,www.melife.com,,,,,,,,
Omission,www.metife.com,,,,,,,,
Omission,www.metlfe.com,,,,,,,,
Omission,www.metlie.com,,,,,,,,
Omission,ww.metlife.com,,,,,,,,
Omission,wwwmetlife.com,,,,,,,,
Repetition,www.meetlife.com,,,,,,,,
Repetition,www.mmetlife.com,,,,,,,,
Repetition,www.metllife.com,,,,,,,,
Repetition,www.metliffe.com,,,,,,,,
Repetition,wwww.metlife.com,,,,,,,,
Repetition,www.metliife.com,,,,,,,,
Repetition,www.mettlife.com,,,,,,,,
Replacement,www.metlice.com,,,,,,,,
Replacement,wxw.metlife.com,,,,,,,,
Replacement,www.meylife.com,185.53.179.6,,mail.h-email.net,ns1.parkingcrew.net,,,,
Replacement,wqw.metlife.com,,,,,,,,
Replacement,www.m3tlife.com,,,,,,,,
Replacement,www.metlifs.com,,,,,,,,
Replacement,wwa.metlife.com,,,,,,,,
Replacement,www.meglife.com,,,,,,,,
Replacement,www.metlifw.com,,,,,,,,
Replacement,www.metpife.com,,,,,,,,
Replacement,www.metlif3.com,,,,,,,,
Replacement,www.metlire.com,,,,,,,,
Replacement,www.metl9fe.com,,,,,,,,
Replacement,www.mrtlife.com,72.52.179.174,,,ns1.parklogic.com,,,,
Replacement,www.me6life.com,,,,,,,,
Replacement,www.merlife.com,,,,,,,,
Replacement,www.metoife.com,,,,,,,,
Replacement,www.metlite.com,,,,,,,,
Replacement,www.jetlife.com,,,,,,,,
Replacement,www.mztlife.com,,,,,,,,
Replacement,www.metkife.com,,,,,,,,
Replacement,2ww.metlife.com,,,,,,,,
Replacement,3ww.metlife.com,,,,,,,,
Replacement,w2w.metlife.com,,,,,,,,
Replacement,wwq.metlife.com,,,,,,,,
Replacement,aww.metlife.com,,,,,,,,
Replacement,wwe.metlife.com,,,,,,,,
Replacement,www.metlofe.com,,,,,,,,
Replacement,www.metl8fe.com,,,,,,,,
Replacement,www.metlifr.com,,,,,,,,
Replacement,qww.metlife.com,,,,,,,,
Replacement,ww2.metlife.com,,,,,,,,
Replacement,wwx.metlife.com,,,,,,,,
Replacement,www.m4tlife.com,,,,,,,,
Replacement,wew.metlife.com,,,,,,,,
Replacement,www.mstlife.com,52.58.78.16,2a05:d014:9da:8c10:306e:3e07:a16f:a552,mx.www.mstlife.com,ns1.undeveloped.com,,,,
Replacement,www.metlif4.com,,,,,,,,
Replacement,www.metlufe.com,,,,,,,,
Replacement,eww.metlife.com,,,,,,,,
Replacement,www.petlife.com,,,,,,,,
Replacement,w3w.metlife.com,,,,,,,,
Replacement,www.metlifz.com,,,,,,,,
Replacement,xww.metlife.com,,,,,,,,
Replacement,www.ketlife.com,,,,,,,,
Replacement,www.mwtlife.com,,,,,,,,
Replacement,waw.metlife.com,,,,,,,,
Replacement,www.metljfe.com,,,,,,,,
Replacement,www.meflife.com,,,,,,,,
Replacement,www.me5life.com,,,,,,,,
Replacement,www.mezlife.com,,,,,,,,
Replacement,ww3.metlife.com,,,,,,,,
Subdomain,w.ww.metlife.com,,,,,,,,
Subdomain,ww.w.metlife.com,,,,,,,,
Subdomain,www.m.etlife.com,,,,,,,,
Subdomain,www.me.tlife.com,,,,,,,,
Subdomain,www.met.life.com,,,,,,,,
Subdomain,www.metl.ife.com,,,,,,,,
Subdomain,www.metli.fe.com,69.172.201.153,,,ns1.uniregistrymarket.link,,,,
Subdomain,www.metlif.e.com,,,,,,,,
Transposition,ww.wmetlife.com,,,,,,,,
Transposition,wwwm.etlife.com,,,,,,,,
Transposition,www.emtlife.com,207.7.90.151,,emtlife.com,ns1.mymizdev.com,,,,
Transposition,www.mtelife.com,,,,,,,,
Transposition,www.meltife.com,,,,,,,,
Transposition,www.metilfe.com,103.224.182.251,,,ns2.above.com,,,,
Transposition,www.metlfie.com,,,,,,,,
Transposition,www.metlief.com,185.53.179.6,,,ns1.parkingcrew.net,,,,
Various,www.metlifecom.com,,,,,,,,
